 [
        {
            "id": 1,
            "moduleId": "MED9027",
            "moduleName": "Social Media Applications",
            "moduleSemester": "2022 - 23",
            "moduleStart": "September 1, 2022",
            "moduleEnd": "August 31, 2023",
            "moduleLecturer": "Dr. Keith Gardiner"
        },
        {
            "id": 2,
            "moduleId": "MED9034",
            "moduleName": "User Interaction Design",
            "moduleSemester": "2022 - 23",
            "moduleStart": "September 1, 2022",
            "moduleEnd": "August 31, 2023",
            "moduleLecturer": "Dr. Brian Vaughan"
        },
        {
            "id": 3,
            "moduleId": "MED9032",
            "moduleName": "Project Develop and UX Treatment",
            "moduleSemester": "2022 - 23",
            "moduleStart": "September 1, 2022",
            "moduleEnd": "August 31, 2023",
            "moduleLecturer": "Evin"
        },
        {
            "id": 4,
            "moduleId": "MED9000",
            "moduleName": "Design Practice",
            "moduleSemester": "2022 - 23",
            "moduleStart": "January 1, 2022",
            "moduleEnd": "August 31, 2023",
            "moduleLecturer": "Dr. John Doe"
        },
        {
            "id": 5,
            "moduleId": "MED9055",
            "moduleName": "VR AR Applications",
            "moduleSemester": "2022 - 23",
            "moduleStart": "February 1, 2022",
            "moduleEnd": "September 31, 2023",
            "moduleLecturer": "Dr. Mark Field"
        },
        {
            "id": 6,
            "moduleId": "MED9029",
            "moduleName": "Production and Prototyping",
            "moduleSemester": "2022 - 23",
            "moduleStart": "September 1, 2022",
            "moduleEnd": "August 31, 2023",
            "moduleLecturer": "Dr. Mark Ruff"
        },
        {
            "id": 7,
            "moduleId": "MED9014",
            "moduleName": "Ludo and Gaming",
            "moduleSemester": "2022 - 23",
            "moduleStart": "January 1, 2022",
            "moduleEnd": "August 31, 2023",
            "moduleLecturer": "Dr. Brian Vaughan"
        },
        {
            "id": 8,
            "moduleId": "MED9032",
            "moduleName": "Project Develop and UX Treatment",
            "moduleSemester": "2022 - 23",
            "moduleStart": "September 1, 2022",
            "moduleEnd": "August 31, 2023",
            "moduleLecturer": "Evin"
        },
        {
            "id": 9,
            "moduleId": "MED9032",
            "moduleName": "Project Develop and UX Treatment",
            "moduleSemester": "2022 - 23",
            "moduleStart": "September 1, 2022",
            "moduleEnd": "August 31, 2023",
            "moduleLecturer": "Evin"
        },
        {
            "id": 10,
            "moduleId": "MED9032",
            "moduleName": "Project Develop and UX Treatment",
            "moduleSemester": "2022 - 23",
            "moduleStart": "September 1, 2022",
            "moduleEnd": "August 31, 2023",
            "moduleLecturer": "Evin"
        }

    ]
